{
  "loss": [
    0.05490494582317831,
    0.025144260562323287,
    0.020533814195286677,
    0.018514346771971196,
    0.017195987514237458,
    0.015848301476483487,
    0.014877327822846481,
    0.013871751221745152,
    0.013332979726661599,
    0.012822485049511171,
    0.01179717018562499,
    0.011973792654509437,
    0.011075416381161333,
    0.010723411048511565
  ],
  "val_loss": [
    0.05490494582317831,
    0.025144260562323287,
    0.020533814195286677,
    0.018514346771971196,
    0.017195987514237458,
    0.015848301476483487,
    0.014877327822846481,
    0.013871751221745152,
    0.013332979726661599,
    0.012822485049511171,
    0.01179717018562499,
    0.011973792654509437,
    0.011075416381161333,
    0.010723411048511565
  ],
  "accuracy": [
    0.5,
    0.5,
    0.5,
    0.5,
    0.5,
    0.5,
    0.5,
    0.5,
    0.5,
    0.5,
    0.5,
    0.5,
    0.5,
    0.5
  ],
  "val_accuracy": [
    0.5,
    0.5,
    0.5,
    0.5,
    0.5,
    0.5,
    0.5,
    0.5,
    0.5,
    0.5,
    0.5,
    0.5,
    0.5,
    0.5
  ]
}